; << CSV SPICE Simulation Log >>
; Additional parameters :
; Temperature(TEMP) = 2.50000000e+001
; Temperature(TNOM) = 2.50000000e+001
; Local inaccuracy = 9.99999700e-003
; reltol = 1.00000000e-003
; Acceleration level = without acceleration

TIME;'v(1)';'v(2)';
0;0;0;
1e-10;0;0;
2e-10;0;0;
3e-10;0;0;
4e-10;0;0;
5e-10;0;0;
6e-10;0;0;
7e-10;0;0;
8e-10;0;0;
9e-10;0;0;
1e-09;0;0;
1.1e-09;0;0;
1.2e-09;0;0;
1.3e-09;0;0;
1.4e-09;0;0;
1.5e-09;0;0;
1.6e-09;0;0;
1.7e-09;0;0;
1.8e-09;0;0;
1.9e-09;0;0;
2e-09;0;0;
2.1e-09;0;0;
2.2e-09;0;0;
2.3e-09;0;0;
2.4e-09;0;0;
2.5e-09;0;0;
2.6e-09;0;0;
2.7e-09;0;0;
2.8e-09;0;0;
2.9e-09;0;0;
3e-09;0;0;
3.1e-09;0;0;
3.2e-09;0;0;
3.3e-09;0;0;
3.4e-09;0;0;
3.5e-09;0;0;
3.6e-09;0;0;
3.7e-09;0;0;
3.8e-09;0;0;
3.9e-09;0;0;
4e-09;0;0;
4.1e-09;0;0;
4.2e-09;0;0;
4.3e-09;0;0;
4.4e-09;0;0;
4.5e-09;0;0;
4.6e-09;0;0;
4.7e-09;0;0;
4.8e-09;0;0;
4.9e-09;0;0;
5e-09;0;0;
5.1e-09;0;0;
5.2e-09;0;0;
5.3e-09;0;0;
5.4e-09;0;0;
5.5e-09;0;0;
5.6e-09;0;0;
5.7e-09;0;0;
5.8e-09;0;0;
5.9e-09;0;0;
6e-09;0;0;
6.1e-09;0;0;
6.2e-09;0;0;
6.3e-09;0;0;
6.4e-09;0;0;
6.5e-09;0;0;
6.6e-09;0;0;
6.7e-09;0;0;
6.8e-09;0;0;
6.9e-09;0;0;
7e-09;0;0;
7.1e-09;0;0;
7.2e-09;0;0;
7.3e-09;0;0;
7.4e-09;0;0;
7.5e-09;0;0;
7.6e-09;0;0;
7.7e-09;0;0;
7.8e-09;0;0;
7.9e-09;0;0;
8e-09;0;0;
8.1e-09;0;0;
8.2e-09;0;0;
8.3e-09;0;0;
8.4e-09;0;0;
8.5e-09;0;0;
8.6e-09;0;0;
8.7e-09;0;0;
8.8e-09;0;0;
8.9e-09;0;0;
9e-09;0;0;
9.1e-09;0;0;
9.2e-09;0;0;
9.3e-09;0;0;
9.4e-09;0;0;
9.5e-09;0;0;
9.6e-09;0;0;
9.7e-09;0;0;
9.8e-09;0;0;
9.9e-09;0;0;
1e-08;0;0;
1.01e-08;0.313794;0.156897;
1.02e-08;0.62635;0.313175;
1.03e-08;0.936437;0.468219;
1.04e-08;1.24283;0.621416;
1.05e-08;1.54433;0.772164;
1.06e-08;1.83973;0.919867;
1.07e-08;2.12789;1.06394;
1.08e-08;2.40765;1.20383;
1.09e-08;2.67792;1.33896;
1.1e-08;2.93764;1.46882;
1.11e-08;3.18577;1.59288;
1.12e-08;3.42134;1.71067;
1.13e-08;3.64343;1.82171;
1.14e-08;3.85114;1.92557;
1.15e-08;4.04368;2.02184;
1.16e-08;4.22027;2.11014;
1.17e-08;4.38023;2.19011;
1.18e-08;4.52291;2.26146;
1.19e-08;4.64777;2.32388;
1.2e-08;4.7543;2.37715;
1.21e-08;4.84208;2.42104;
1.22e-08;4.91078;2.45539;
1.23e-08;4.96011;2.48006;
1.24e-08;4.98989;2.49495;
1.25e-08;5;2.5;
1.26e-08;4.99039;2.4952;
1.27e-08;4.96111;2.48056;
1.28e-08;4.91227;2.45613;
1.29e-08;4.84406;2.42203;
1.3e-08;4.75676;2.37838;
1.31e-08;4.6507;2.32535;
1.32e-08;4.5263;2.26315;
1.33e-08;4.38406;2.19203;
1.34e-08;4.22454;2.11227;
1.35e-08;4.04836;2.02418;
1.36e-08;3.85622;1.92811;
1.37e-08;3.64887;1.82444;
1.38e-08;3.42714;1.71357;
1.39e-08;3.1919;1.59595;
1.4e-08;2.94408;1.47204;
1.41e-08;2.68465;1.34232;
1.42e-08;2.41463;1.20731;
1.43e-08;2.13509;1.06755;
1.44e-08;1.84714;0.923568;
1.45e-08;1.5519;0.77595;
1.46e-08;1.25054;0.625272;
1.47e-08;0.944258;0.472129;
1.48e-08;0.63425;0.317125;
1.49e-08;0.321741;0.16087;
1.5e-08;0.00796326;0.00398163;
1.51e-08;-0.305846;-0.152923;
1.52e-08;-0.618449;-0.309224;
1.53e-08;-0.928614;-0.464307;
1.54e-08;-1.23512;-0.617559;
1.55e-08;-1.53675;-0.768376;
1.56e-08;-1.83233;-0.916164;
1.57e-08;-2.12068;-1.06034;
1.58e-08;-2.40067;-1.20033;
1.59e-08;-2.6712;-1.3356;
1.6e-08;-2.93119;-1.46559;
1.61e-08;-3.17963;-1.58981;
1.62e-08;-3.41553;-1.70777;
1.63e-08;-3.63797;-1.81898;
1.64e-08;-3.84606;-1.92303;
1.65e-08;-4.03899;-2.0195;
1.66e-08;-4.216;-2.108;
1.67e-08;-4.37638;-2.18819;
1.68e-08;-4.51951;-2.25976;
1.69e-08;-4.64483;-2.32241;
1.7e-08;-4.75183;-2.37591;
1.71e-08;-4.84009;-2.42005;
1.72e-08;-4.90927;-2.45464;
1.73e-08;-4.9591;-2.47955;
1.74e-08;-4.98938;-2.49469;
1.75e-08;-4.99999;-2.49999;
1.76e-08;-4.99088;-2.49544;
1.77e-08;-4.9621;-2.48105;
1.78e-08;-4.91375;-2.45687;
1.79e-08;-4.84603;-2.42301;
1.8e-08;-4.7592;-2.3796;
1.81e-08;-4.65362;-2.32681;
1.82e-08;-4.52968;-2.26484;
1.83e-08;-4.38789;-2.19394;
1.84e-08;-4.22879;-2.1144;
1.85e-08;-4.05303;-2.02651;
1.86e-08;-3.86128;-1.93064;
1.87e-08;-3.65431;-1.82716;
1.88e-08;-3.43294;-1.71647;
1.89e-08;-3.19803;-1.59901;
1.9e-08;-2.95051;-1.47526;
1.91e-08;-2.69136;-1.34568;
1.92e-08;-2.4216;-1.2108;
1.93e-08;-2.14229;-1.07114;
1.94e-08;-1.85453;-0.927267;
1.95e-08;-1.55947;-0.779734;
1.96e-08;-1.25825;-0.629126;
1.97e-08;-0.952077;-0.476039;
1.98e-08;-0.642148;-0.321074;
1.99e-08;-0.329687;-0.164844;
2e-08;-0.0159265;-0.00796325;
2.01e-08;0.297897;0.148948;
2.02e-08;0.610546;0.305273;
2.03e-08;0.920788;0.460394;
2.04e-08;1.2274;0.6137;
2.05e-08;1.52917;0.764586;
2.06e-08;1.82492;0.912458;
2.07e-08;2.11346;1.05673;
2.08e-08;2.39368;1.19684;
2.09e-08;2.66446;1.33223;
2.1e-08;2.92473;1.46237;
2.11e-08;3.17348;1.58674;
2.12e-08;3.40971;1.70486;
2.13e-08;3.6325;1.81625;
2.14e-08;3.84097;1.92048;
2.15e-08;4.03429;2.01715;
2.16e-08;4.21171;2.10586;
2.17e-08;4.37253;2.18626;
2.18e-08;4.5161;2.25805;
2.19e-08;4.64187;2.32094;
2.2e-08;4.74934;2.37467;
2.21e-08;4.83809;2.41904;
2.22e-08;4.90776;2.45388;
2.23e-08;4.95808;2.47904;
2.24e-08;4.98885;2.49443;
2.25e-08;4.99996;2.49998;
2.26e-08;4.99135;2.49568;
2.27e-08;4.96307;2.48153;
2.28e-08;4.91522;2.45761;
2.29e-08;4.84798;2.42399;
2.3e-08;4.76164;2.38082;
2.31e-08;4.65652;2.32826;
2.32e-08;4.53305;2.26652;
2.33e-08;4.3917;2.19585;
2.34e-08;4.23304;2.11652;
2.35e-08;4.05769;2.02884;
2.36e-08;3.86634;1.93317;
2.37e-08;3.65974;1.82987;
2.38e-08;3.43872;1.71936;
2.39e-08;3.20415;1.60207;
2.4e-08;2.95694;1.47847;
2.41e-08;2.69807;1.34903;
2.42e-08;2.42856;1.21428;
2.43e-08;2.14948;1.07474;
2.44e-08;1.86193;0.930964;
2.45e-08;1.56703;0.783516;
2.46e-08;1.26596;0.632979;
2.47e-08;0.959894;0.479947;
2.48e-08;0.650045;0.325022;
2.49e-08;0.337633;0.168816;
2.5e-08;0.0238897;0.0119449;
2.51e-08;-0.289947;-0.144974;
2.52e-08;-0.602641;-0.301321;
2.53e-08;-0.91296;-0.45648;
2.54e-08;-1.21968;-0.609839;
2.55e-08;-1.52159;-0.760794;
2.56e-08;-1.8175;-0.90875;
2.57e-08;-2.10625;-1.05312;
2.58e-08;-2.38669;-1.19334;
2.59e-08;-2.65772;-1.32886;
2.6e-08;-2.91827;-1.45914;
2.61e-08;-3.16732;-1.58366;
2.62e-08;-3.40388;-1.70194;
2.63e-08;-3.62702;-1.81351;
2.64e-08;-3.83586;-1.91793;
2.65e-08;-4.02958;-2.01479;
2.66e-08;-4.20741;-2.10371;
2.67e-08;-4.36866;-2.18433;
2.68e-08;-4.51268;-2.25634;
2.69e-08;-4.63891;-2.31945;
2.7e-08;-4.74685;-2.37342;
2.71e-08;-4.83607;-2.41804;
2.72e-08;-4.90623;-2.45311;
2.73e-08;-4.95704;-2.47852;
2.74e-08;-4.98832;-2.49416;
2.75e-08;-4.99992;-2.49996;
2.76e-08;-4.99182;-2.49591;
2.77e-08;-4.96403;-2.48201;
2.78e-08;-4.91667;-2.45833;
2.79e-08;-4.84993;-2.42496;
2.8e-08;-4.76406;-2.38203;
2.81e-08;-4.65942;-2.32971;
2.82e-08;-4.5364;-2.2682;
2.83e-08;-4.3955;-2.19775;
2.84e-08;-4.23727;-2.11863;
2.85e-08;-4.06233;-2.03117;
2.86e-08;-3.87138;-1.93569;
2.87e-08;-3.66517;-1.83258;
2.88e-08;-3.4445;-1.72225;
2.89e-08;-3.21026;-1.60513;
2.9e-08;-2.96335;-1.48168;
2.91e-08;-2.70477;-1.35238;
2.92e-08;-2.43552;-1.21776;
2.93e-08;-2.15667;-1.07833;
2.94e-08;-1.86932;-0.934658;
2.95e-08;-1.57459;-0.787296;
2.96e-08;-1.27366;-0.63683;
2.97e-08;-0.967707;-0.483854;
2.98e-08;-0.657939;-0.32897;
2.99e-08;-0.345577;-0.172789;
3e-08;-0.0318529;-0.0159264;
3.01e-08;0.281997;0.140999;
3.02e-08;0.594735;0.297368;
3.03e-08;0.905129;0.452565;
3.04e-08;1.21195;0.605977;
3.05e-08;1.514;0.757;
3.06e-08;1.81008;0.905039;
3.07e-08;2.09902;1.04951;
3.08e-08;2.37969;1.18984;
3.09e-08;2.65097;1.32549;
3.1e-08;2.9118;1.4559;
3.11e-08;3.16116;1.58058;
3.12e-08;3.39804;1.69902;
3.13e-08;3.62154;1.81077;
3.14e-08;3.83075;1.91538;
3.15e-08;4.02486;2.01243;
3.16e-08;4.20311;2.10155;
3.17e-08;4.36478;2.18239;
3.18e-08;4.50924;2.25462;
3.19e-08;4.63593;2.31796;
3.2e-08;4.74434;2.37217;
3.21e-08;4.83404;2.41702;
3.22e-08;4.90469;2.45234;
3.23e-08;4.956;2.478;
3.24e-08;4.98777;2.49388;
3.25e-08;4.99987;2.49994;
3.26e-08;4.99226;2.49613;
3.27e-08;4.96497;2.48249;
3.28e-08;4.91811;2.45906;
3.29e-08;4.85186;2.42593;
3.3e-08;4.76647;2.38324;
3.31e-08;4.6623;2.33115;
3.32e-08;4.53974;2.26987;
3.33e-08;4.39929;2.19964;
3.34e-08;4.24149;2.12075;
3.35e-08;4.06697;2.03349;
3.36e-08;3.87642;1.93821;
3.37e-08;3.67058;1.83529;
3.38e-08;3.45027;1.72513;
3.39e-08;3.21636;1.60818;
3.4e-08;2.96976;1.48488;
3.41e-08;2.71146;1.35573;
3.42e-08;2.44247;1.22124;
3.43e-08;2.16385;1.08193;
3.44e-08;1.8767;0.938349;
3.45e-08;1.58215;0.791074;
3.46e-08;1.28136;0.64068;
3.47e-08;0.975519;0.487759;
3.48e-08;0.665833;0.332916;
3.49e-08;0.353521;0.176761;
3.5e-08;0.0398159;0.019908;
3.51e-08;-0.274046;-0.137023;
3.52e-08;-0.586828;-0.293414;
3.53e-08;-0.897296;-0.448648;
3.54e-08;-1.20423;-0.602113;
3.55e-08;-1.50641;-0.753205;
3.56e-08;-1.80265;-0.901327;
3.57e-08;-2.09179;-1.04589;
3.58e-08;-2.37268;-1.18634;
3.59e-08;-2.64421;-1.32211;
3.6e-08;-2.90533;-1.45266;
3.61e-08;-3.15498;-1.57749;
3.62e-08;-3.3922;-1.6961;
3.63e-08;-3.61604;-1.80802;
3.64e-08;-3.82563;-1.91281;
3.65e-08;-4.02013;-2.01007;
3.66e-08;-4.19879;-2.09939;
3.67e-08;-4.36089;-2.18044;
3.68e-08;-4.5058;-2.2529;
3.69e-08;-4.63294;-2.31647;
3.7e-08;-4.74182;-2.37091;
3.71e-08;-4.832;-2.416;
3.72e-08;-4.90313;-2.45157;
3.73e-08;-4.95494;-2.47747;
3.74e-08;-4.9872;-2.4936;
3.75e-08;-4.99981;-2.4999;
3.76e-08;-4.9927;-2.49635;
3.77e-08;-4.96591;-2.48295;
3.78e-08;-4.91954;-2.45977;
3.79e-08;-4.85377;-2.42689;
3.8e-08;-4.76887;-2.38444;
3.81e-08;-4.66517;-2.33259;
3.82e-08;-4.54308;-2.27154;
3.83e-08;-4.40307;-2.20153;
3.84e-08;-4.2457;-2.12285;
3.85e-08;-4.0716;-2.0358;
3.86e-08;-3.88144;-1.94072;
3.87e-08;-3.67598;-1.83799;
3.88e-08;-3.45603;-1.72801;
3.89e-08;-3.22245;-1.61122;
3.9e-08;-2.97617;-1.48808;
3.91e-08;-2.71815;-1.35907;
3.92e-08;-2.44942;-1.22471;
3.93e-08;-2.17103;-1.08551;
3.94e-08;-1.88408;-0.942039;
3.95e-08;-1.5897;-0.79485;
3.96e-08;-1.28905;-0.644527;
3.97e-08;-0.983328;-0.491664;
3.98e-08;-0.673724;-0.336862;
3.99e-08;-0.361464;-0.180732;
4e-08;-0.0477789;-0.0238894;
4.01e-08;0.266095;0.133047;
4.02e-08;0.578919;0.28946;
4.03e-08;0.889461;0.444731;
4.04e-08;1.1965;0.598248;
4.05e-08;1.49881;0.749407;
4.06e-08;1.79522;0.897612;
4.07e-08;2.08455;1.04228;
4.08e-08;2.36567;1.18283;
4.09e-08;2.63745;1.31873;
4.1e-08;2.89884;1.44942;
4.11e-08;3.1488;1.5744;
4.12e-08;3.38634;1.69317;
4.13e-08;3.61054;1.80527;
4.14e-08;3.8205;1.91025;
4.15e-08;4.01539;2.0077;
4.16e-08;4.19446;2.09723;
4.17e-08;4.35699;2.17849;
4.18e-08;4.50234;2.25117;
4.19e-08;4.62994;2.31497;
4.2e-08;4.73929;2.36964;
4.21e-08;4.82995;2.41497;
4.22e-08;4.90157;2.45078;
4.23e-08;4.95386;2.47693;
4.24e-08;4.98663;2.49331;
4.25e-08;4.99973;2.49987;
4.26e-08;4.99312;2.49656;
4.27e-08;4.96683;2.48342;
4.28e-08;4.92096;2.46048;
4.29e-08;4.85568;2.42784;
4.3e-08;4.77126;2.38563;
4.31e-08;4.66803;2.33402;
4.32e-08;4.5464;2.2732;
4.33e-08;4.40684;2.20342;
4.34e-08;4.2499;2.12495;
4.35e-08;4.07621;2.03811;
4.36e-08;3.88646;1.94323;
4.37e-08;3.68137;1.84069;
4.38e-08;3.46178;1.73089;
4.39e-08;3.22853;1.61427;
4.4e-08;2.98256;1.49128;
4.41e-08;2.72483;1.36242;
4.42e-08;2.45636;1.22818;
4.43e-08;2.1782;1.0891;
4.44e-08;1.89145;0.945726;
4.45e-08;1.59725;0.798624;
4.46e-08;1.29675;0.648374;
4.47e-08;0.991134;0.495567;
4.48e-08;0.681614;0.340807;
4.49e-08;0.369406;0.184703;
4.5e-08;0.0557417;0.0278709;
4.51e-08;-0.258142;-0.129071;
4.52e-08;-0.571009;-0.285504;
4.53e-08;-0.881624;-0.440812;
4.54e-08;-1.18876;-0.594381;
4.55e-08;-1.49122;-0.745608;
4.56e-08;-1.78779;-0.893894;
4.57e-08;-2.07731;-1.03866;
4.58e-08;-2.35865;-1.17932;
4.59e-08;-2.63068;-1.31534;
4.6e-08;-2.89235;-1.44617;
4.61e-08;-3.14261;-1.5713;
4.62e-08;-3.38048;-1.69024;
4.63e-08;-3.60502;-1.80251;
4.64e-08;-3.81535;-1.90768;
4.65e-08;-4.01064;-2.00532;
4.66e-08;-4.19012;-2.09506;
4.67e-08;-4.35308;-2.17654;
4.68e-08;-4.49887;-2.24944;
4.69e-08;-4.62693;-2.31346;
4.7e-08;-4.73674;-2.36837;
4.71e-08;-4.82788;-2.41394;
4.72e-08;-4.89999;-2.44999;
4.73e-08;-4.95278;-2.47639;
4.74e-08;-4.98604;-2.49302;
4.75e-08;-4.99964;-2.49982;
4.76e-08;-4.99354;-2.49677;
4.77e-08;-4.96774;-2.48387;
4.78e-08;-4.92236;-2.46118;
4.79e-08;-4.85757;-2.42879;
4.8e-08;-4.77364;-2.38682;
4.81e-08;-4.67088;-2.33544;
4.82e-08;-4.5497;-2.27485;
4.83e-08;-4.41059;-2.2053;
4.84e-08;-4.25409;-2.12705;
4.85e-08;-4.08082;-2.04041;
4.86e-08;-3.89146;-1.94573;
4.87e-08;-3.68676;-1.84338;
4.88e-08;-3.46752;-1.73376;
4.89e-08;-3.23461;-1.61731;
4.9e-08;-2.98895;-1.49447;
4.91e-08;-2.7315;-1.36575;
4.92e-08;-2.46329;-1.23164;
4.93e-08;-2.18536;-1.09268;
4.94e-08;-1.89882;-0.94941;
4.95e-08;-1.60479;-0.802396;
4.96e-08;-1.30444;-0.652218;
4.97e-08;-0.998938;-0.499469;
4.98e-08;-0.689502;-0.344751;
4.99e-08;-0.377347;-0.188674;
5e-08;-0.0637044;-0.0318522;
5.01e-08;0.250189;0.125095;
5.02e-08;0.563097;0.281548;
5.03e-08;0.873784;0.436892;
5.04e-08;1.18103;0.590513;
5.05e-08;1.48361;0.741806;
5.06e-08;1.78035;0.890175;
5.07e-08;2.07007;1.03503;
5.08e-08;2.35162;1.17581;
5.09e-08;2.62391;1.31195;
5.1e-08;2.88585;1.44292;
5.11e-08;3.13641;1.56821;
5.12e-08;3.37461;1.6873;
5.13e-08;3.5995;1.79975;
5.14e-08;3.8102;1.9051;
5.15e-08;4.00588;2.00294;
5.16e-08;4.18577;2.09288;
5.17e-08;4.34915;2.17458;
5.18e-08;4.49539;2.24769;
5.19e-08;4.6239;2.31195;
5.2e-08;4.73419;2.36709;
5.21e-08;4.82581;2.4129;
5.22e-08;4.8984;2.4492;
5.23e-08;4.95168;2.47584;
5.24e-08;4.98544;2.49272;
5.25e-08;4.99954;2.49977;
5.26e-08;4.99393;2.49697;
5.27e-08;4.96864;2.48432;
5.28e-08;4.92375;2.46188;
5.29e-08;4.85945;2.42973;
5.3e-08;4.776;2.388;
5.31e-08;4.67371;2.33686;
5.32e-08;4.553;2.2765;
5.33e-08;4.41434;2.20717;
5.34e-08;4.25827;2.12914;
5.35e-08;4.08542;2.04271;
5.36e-08;3.89646;1.94823;
5.37e-08;3.69213;1.84607;
5.38e-08;3.47325;1.73663;
5.39e-08;3.24068;1.62034;
5.4e-08;2.99533;1.49766;
5.41e-08;2.73817;1.36908;
5.42e-08;2.47022;1.23511;
5.43e-08;2.19252;1.09626;
5.44e-08;1.90618;0.953092;
5.45e-08;1.61233;0.806166;
5.46e-08;1.31212;0.656061;
5.47e-08;1.00674;0.50337;
5.48e-08;0.697388;0.348694;
5.49e-08;0.385287;0.192644;
5.5e-08;0.071667;0.0358335;
5.51e-08;-0.242236;-0.121118;
5.52e-08;-0.555183;-0.277592;
5.53e-08;-0.865942;-0.432971;
5.54e-08;-1.17329;-0.586644;
5.55e-08;-1.47601;-0.738003;
5.56e-08;-1.77291;-0.886453;
5.57e-08;-2.06282;-1.03141;
5.58e-08;-2.34459;-1.1723;
5.59e-08;-2.61713;-1.30856;
5.6e-08;-2.87934;-1.43967;
5.61e-08;-3.13021;-1.5651;
5.62e-08;-3.36873;-1.68436;
5.63e-08;-3.59397;-1.79699;
5.64e-08;-3.80504;-1.90252;
5.65e-08;-4.00111;-2.00056;
5.66e-08;-4.18141;-2.0907;
5.67e-08;-4.34522;-2.17261;
5.68e-08;-4.4919;-2.24595;
5.69e-08;-4.62087;-2.31043;
5.7e-08;-4.73162;-2.36581;
5.71e-08;-4.82372;-2.41186;
5.72e-08;-4.8968;-2.4484;
5.73e-08;-4.95057;-2.47528;
5.74e-08;-4.98482;-2.49241;
5.75e-08;-4.99943;-2.49971;
5.76e-08;-4.99432;-2.49716;
5.77e-08;-4.96952;-2.48476;
5.78e-08;-4.92513;-2.46257;
5.79e-08;-4.86132;-2.43066;
5.8e-08;-4.77835;-2.38917;
5.81e-08;-4.67654;-2.33827;
5.82e-08;-4.55629;-2.27814;
5.83e-08;-4.41807;-2.20904;
5.84e-08;-4.26244;-2.13122;
5.85e-08;-4.09;-2.045;
5.86e-08;-3.90144;-1.95072;
5.87e-08;-3.6975;-1.84875;
5.88e-08;-3.47898;-1.73949;
5.89e-08;-3.24674;-1.62337;
5.9e-08;-3.0017;-1.50085;
5.91e-08;-2.74483;-1.37241;
5.92e-08;-2.47714;-1.23857;
5.93e-08;-2.19968;-1.09984;
5.94e-08;-1.91354;-0.956772;
5.95e-08;-1.61987;-0.809934;
5.96e-08;-1.3198;-0.659902;
5.97e-08;-1.01454;-0.507269;
5.98e-08;-0.705273;-0.352636;
5.99e-08;-0.393226;-0.196613;
6e-08;-0.0796293;-0.0398147;
6.01e-08;0.234282;0.117141;
6.02e-08;0.547269;0.273634;
6.03e-08;0.858098;0.429049;
6.04e-08;1.16554;0.582772;
6.05e-08;1.4684;0.734198;
6.06e-08;1.76546;0.882729;
6.07e-08;2.05556;1.02778;
6.08e-08;2.33756;1.16878;
6.09e-08;2.61034;1.30517;
6.1e-08;2.87283;1.43641;
6.11e-08;3.12399;1.562;
6.12e-08;3.36284;1.68142;
6.13e-08;3.58843;1.79421;
6.14e-08;3.79987;1.89994;
6.15e-08;3.99633;1.99817;
6.16e-08;4.17704;2.08852;
6.17e-08;4.34127;2.17064;
6.18e-08;4.48839;2.2442;
6.19e-08;4.61782;2.30891;
6.2e-08;4.72904;2.36452;
6.21e-08;4.82161;2.41081;
6.22e-08;4.89518;2.44759;
6.23e-08;4.94945;2.47472;
6.24e-08;4.9842;2.4921;
6.25e-08;4.9993;2.49965;
6.26e-08;4.99469;2.49735;
6.27e-08;4.97039;2.4852;
6.28e-08;4.9265;2.46325;
6.29e-08;4.86318;2.43159;
6.3e-08;4.78069;2.39034;
6.31e-08;4.67935;2.33967;
6.32e-08;4.55956;2.27978;
6.33e-08;4.4218;2.2109;
6.34e-08;4.2666;2.1333;
6.35e-08;4.09458;2.04729;
6.36e-08;3.90642;1.95321;
6.37e-08;3.70285;1.85143;
6.38e-08;3.48469;1.74235;
6.39e-08;3.25279;1.6264;
6.4e-08;3.00807;1.50403;
6.41e-08;2.75148;1.37574;
6.42e-08;2.48405;1.24203;
6.43e-08;2.20682;1.10341;
6.44e-08;1.9209;0.960449;
6.45e-08;1.6274;0.8137;
6.46e-08;1.32748;0.663742;
6.47e-08;1.02234;0.511168;
6.48e-08;0.713156;0.356578;
6.49e-08;0.401164;0.200582;
6.5e-08;0.0875915;0.0437957;
6.51e-08;-0.226327;-0.113163;
6.52e-08;-0.539353;-0.269676;
6.53e-08;-0.850252;-0.425126;
6.54e-08;-1.1578;-0.5789;
6.55e-08;-1.46078;-0.730391;
6.56e-08;-1.75801;-0.879003;
6.57e-08;-2.0483;-1.02415;
6.58e-08;-2.33051;-1.16526;
6.59e-08;-2.60354;-1.30177;
6.6e-08;-2.86631;-1.43315;
6.61e-08;-3.11777;-1.55889;
6.62e-08;-3.35694;-1.67847;
6.63e-08;-3.58288;-1.79144;
6.64e-08;-3.79469;-1.89735;
6.65e-08;-3.99154;-1.99577;
6.66e-08;-4.17265;-2.08633;
6.67e-08;-4.33732;-2.16866;
6.68e-08;-4.48488;-2.24244;
6.69e-08;-4.61476;-2.30738;
6.7e-08;-4.72645;-2.36322;
6.71e-08;-4.8195;-2.40975;
6.72e-08;-4.89355;-2.44678;
6.73e-08;-4.94831;-2.47416;
6.74e-08;-4.98356;-2.49178;
6.75e-08;-4.99916;-2.49958;
6.76e-08;-4.99505;-2.49753;
6.77e-08;-4.97125;-2.48563;
6.78e-08;-4.92785;-2.46393;
6.79e-08;-4.86502;-2.43251;
6.8e-08;-4.78301;-2.39151;
6.81e-08;-4.68215;-2.34107;
6.82e-08;-4.56282;-2.28141;
6.83e-08;-4.42551;-2.21275;
6.84e-08;-4.27074;-2.13537;
6.85e-08;-4.09914;-2.04957;
6.86e-08;-3.91138;-1.95569;
6.87e-08;-3.7082;-1.8541;
6.88e-08;-3.4904;-1.7452;
6.89e-08;-3.25883;-1.62942;
6.9e-08;-3.01442;-1.50721;
6.91e-08;-2.75813;-1.37906;
6.92e-08;-2.49096;-1.24548;
6.93e-08;-2.21397;-1.10698;
6.94e-08;-1.92825;-0.964124;
6.95e-08;-1.63493;-0.817463;
6.96e-08;-1.33516;-0.66758;
6.97e-08;-1.03013;-0.515064;
6.98e-08;-0.721036;-0.360518;
6.99e-08;-0.409101;-0.204551;
7e-08;-0.0955534;-0.0477767;
7.01e-08;0.218371;0.109186;
7.02e-08;0.531435;0.265718;
7.03e-08;0.842404;0.421202;
7.04e-08;1.15005;0.575025;
7.05e-08;1.45316;0.726582;
7.06e-08;1.75055;0.875274;
7.07e-08;2.04103;1.02052;
7.08e-08;2.32347;1.16173;
7.09e-08;2.59674;1.29837;
7.1e-08;2.85978;1.42989;
7.11e-08;3.11154;1.55577;
7.12e-08;3.35104;1.67552;
7.13e-08;3.57732;1.78866;
7.14e-08;3.7895;1.89475;
7.15e-08;3.98674;1.99337;
7.16e-08;4.16826;2.08413;
7.17e-08;4.33335;2.16667;
7.18e-08;4.48135;2.24068;
7.19e-08;4.61169;2.30584;
7.2e-08;4.72384;2.36192;
7.21e-08;4.81737;2.40869;
7.22e-08;4.89191;2.44596;
7.23e-08;4.94716;2.47358;
7.24e-08;4.98291;2.49145;
7.25e-08;4.99901;2.4995;
7.26e-08;4.9954;2.4977;
7.27e-08;4.9721;2.48605;
7.28e-08;4.92919;2.4646;
7.29e-08;4.86686;2.43343;
7.3e-08;4.78533;2.39266;
7.31e-08;4.68494;2.34247;
7.32e-08;4.56607;2.28304;
7.33e-08;4.42921;2.2146;
7.34e-08;4.27488;2.13744;
7.35e-08;4.1037;2.05185;
7.36e-08;3.91634;1.95817;
7.37e-08;3.71354;1.85677;
7.38e-08;3.4961;1.74805;
7.39e-08;3.26487;1.63243;
7.4e-08;3.02077;1.51039;
7.41e-08;2.76477;1.38238;
7.42e-08;2.49786;1.24893;
7.43e-08;2.2211;1.11055;
7.44e-08;1.93559;0.967797;
7.45e-08;1.64245;0.821225;
7.46e-08;1.34283;0.671416;
7.47e-08;1.03792;0.51896;
7.48e-08;0.728916;0.364458;
7.49e-08;0.417037;0.208519;
7.5e-08;0.103515;0.0517575;
7.51e-08;-0.210415;-0.105208;
7.52e-08;-0.523516;-0.261758;
7.53e-08;-0.834553;-0.417277;
7.54e-08;-1.1423;-0.57115;
7.55e-08;-1.44554;-0.722771;
7.56e-08;-1.74309;-0.871543;
7.57e-08;-2.03376;-1.01688;
7.58e-08;-2.31641;-1.15821;
7.59e-08;-2.58993;-1.29497;
7.6e-08;-2.85324;-1.42662;
7.61e-08;-3.1053;-1.55265;
7.62e-08;-3.34512;-1.67256;
7.63e-08;-3.57175;-1.78588;
7.64e-08;-3.7843;-1.89215;
7.65e-08;-3.98193;-1.99096;
7.66e-08;-4.16386;-2.08193;
7.67e-08;-4.32937;-2.16469;
7.68e-08;-4.47782;-2.23891;
7.69e-08;-4.60861;-2.3043;
7.7e-08;-4.72123;-2.36061;
7.71e-08;-4.81523;-2.40762;
7.72e-08;-4.89026;-2.44513;
7.73e-08;-4.946;-2.473;
7.74e-08;-4.98224;-2.49112;
7.75e-08;-4.99884;-2.49942;
7.76e-08;-4.99574;-2.49787;
7.77e-08;-4.97293;-2.48647;
7.78e-08;-4.93052;-2.46526;
7.79e-08;-4.86867;-2.43434;
7.8e-08;-4.78763;-2.39382;
7.81e-08;-4.68771;-2.34386;
7.82e-08;-4.56931;-2.28466;
7.83e-08;-4.4329;-2.21645;
7.84e-08;-4.279;-2.1395;
7.85e-08;-4.10824;-2.05412;
7.86e-08;-3.92128;-1.96064;
7.87e-08;-3.71886;-1.85943;
7.88e-08;-3.50178;-1.75089;
7.89e-08;-3.2709;-1.63545;
7.9e-08;-3.02711;-1.51356;
7.91e-08;-2.7714;-1.3857;
7.92e-08;-2.50475;-1.25238;
7.93e-08;-2.22824;-1.11412;
7.94e-08;-1.94293;-0.971467;
7.95e-08;-1.64997;-0.824985;
7.96e-08;-1.3505;-0.675251;
7.97e-08;-1.04571;-0.522854;
7.98e-08;-0.736793;-0.368396;
7.99e-08;-0.424972;-0.212486;
8e-08;-0.111477;-0.0557383;
8.01e-08;0.202459;0.101229;
8.02e-08;0.515596;0.257798;
8.03e-08;0.826701;0.41335;
8.04e-08;1.13455;0.567273;
8.05e-08;1.43792;0.718959;
8.06e-08;1.73562;0.86781;
8.07e-08;2.02648;1.01324;
8.08e-08;2.30935;1.15468;
8.09e-08;2.58312;1.29156;
8.1e-08;2.8467;1.42335;
8.11e-08;3.09906;1.54953;
8.12e-08;3.3392;1.6696;
8.13e-08;3.56618;1.78309;
8.14e-08;3.77909;1.88955;
8.15e-08;3.97711;1.98855;
8.16e-08;4.15944;2.07972;
8.17e-08;4.32538;2.16269;
8.18e-08;4.47427;2.23713;
8.19e-08;4.60551;2.30276;
8.2e-08;4.7186;2.3593;
8.21e-08;4.81308;2.40654;
8.22e-08;4.88859;2.4443;
8.23e-08;4.94483;2.47241;
8.24e-08;4.98157;2.49078;
8.25e-08;4.99867;2.49933;
8.26e-08;4.99606;2.49803;
8.27e-08;4.97375;2.48688;
8.28e-08;4.93184;2.46592;
8.29e-08;4.87048;2.43524;
8.3e-08;4.78992;2.39496;
8.31e-08;4.69048;2.34524;
8.32e-08;4.57254;2.28627;
8.33e-08;4.43657;2.21829;
8.34e-08;4.28312;2.14156;
8.35e-08;4.11278;2.05639;
8.36e-08;3.92622;1.96311;
8.37e-08;3.72418;1.86209;
8.38e-08;3.50746;1.75373;
8.39e-08;3.27692;1.63846;
8.4e-08;3.03345;1.51672;
8.41e-08;2.77802;1.38901;
8.42e-08;2.51164;1.25582;
8.43e-08;2.23536;1.11768;
8.44e-08;1.95027;0.975134;
8.45e-08;1.65748;0.828742;
8.46e-08;1.35817;0.679083;
8.47e-08;1.05349;0.526747;
8.48e-08;0.744668;0.372334;
8.49e-08;0.432906;0.216453;
8.5e-08;0.119438;0.0597188;
8.51e-08;-0.194502;-0.0972509;
8.52e-08;-0.507675;-0.253837;
8.53e-08;-0.818846;-0.409423;
8.54e-08;-1.12679;-0.563394;
8.55e-08;-1.43029;-0.715145;
8.56e-08;-1.72815;-0.864075;
8.57e-08;-2.0192;-1.0096;
8.58e-08;-2.30229;-1.15114;
8.59e-08;-2.5763;-1.28815;
8.6e-08;-2.84015;-1.42007;
8.61e-08;-3.09281;-1.5464;
8.62e-08;-3.33327;-1.66663;
8.63e-08;-3.56059;-1.78029;
8.64e-08;-3.77387;-1.88694;
8.65e-08;-3.97228;-1.98614;
8.66e-08;-4.15502;-2.07751;
8.67e-08;-4.32138;-2.16069;
8.68e-08;-4.47071;-2.23535;
8.69e-08;-4.60241;-2.3012;
8.7e-08;-4.71596;-2.35798;
8.71e-08;-4.81092;-2.40546;
8.72e-08;-4.88691;-2.44346;
8.73e-08;-4.94364;-2.47182;
8.74e-08;-4.98088;-2.49044;
8.75e-08;-4.99848;-2.49924;
8.76e-08;-4.99637;-2.49818;
8.77e-08;-4.97456;-2.48728;
8.78e-08;-4.93314;-2.46657;
8.79e-08;-4.87228;-2.43614;
8.8e-08;-4.7922;-2.3961;
8.81e-08;-4.69323;-2.34661;
8.82e-08;-4.57576;-2.28788;
8.83e-08;-4.44024;-2.22012;
8.84e-08;-4.28722;-2.14361;
8.85e-08;-4.1173;-2.05865;
8.86e-08;-3.93114;-1.96557;
8.87e-08;-3.72949;-1.86475;
8.88e-08;-3.51313;-1.75657;
8.89e-08;-3.28293;-1.64146;
8.9e-08;-3.03978;-1.51989;
8.91e-08;-2.78464;-1.39232;
8.92e-08;-2.51853;-1.25926;
8.93e-08;-2.24248;-1.12124;
8.94e-08;-1.9576;-0.978799;
8.95e-08;-1.665;-0.832498;
8.96e-08;-1.36583;-0.682914;
8.97e-08;-1.06128;-0.530639;
8.98e-08;-0.752542;-0.376271;
8.99e-08;-0.440839;-0.22042;
9e-08;-0.127398;-0.0636992;
9.01e-08;0.186544;0.0932722;
9.02e-08;0.499752;0.249876;
9.03e-08;0.810989;0.405495;
9.04e-08;1.11903;0.559514;
9.05e-08;1.42266;0.711328;
9.06e-08;1.72068;0.860338;
9.07e-08;2.01191;1.00596;
9.08e-08;2.29521;1.14761;
9.09e-08;2.56947;1.28473;
9.1e-08;2.83359;1.4168;
9.11e-08;3.08654;1.54327;
9.12e-08;3.32733;1.66366;
9.13e-08;3.55499;1.7775;
9.14e-08;3.76864;1.88432;
9.15e-08;3.96744;1.98372;
9.16e-08;4.15059;2.07529;
9.17e-08;4.31737;2.15869;
9.18e-08;4.46714;2.23357;
9.19e-08;4.59929;2.29964;
9.2e-08;4.71331;2.35665;
9.21e-08;4.80875;2.40437;
9.22e-08;4.88522;2.44261;
9.23e-08;4.94244;2.47122;
9.24e-08;4.98018;2.49009;
9.25e-08;4.99827;2.49914;
9.26e-08;4.99667;2.49833;
9.27e-08;4.97536;2.48768;
9.28e-08;4.93444;2.46722;
9.29e-08;4.87406;2.43703;
9.3e-08;4.79447;2.39723;
9.31e-08;4.69597;2.34798;
9.32e-08;4.57896;2.28948;
9.33e-08;4.4439;2.22195;
9.34e-08;4.29131;2.14566;
9.35e-08;4.12181;2.06091;
9.36e-08;3.93606;1.96803;
9.37e-08;3.73479;1.8674;
9.38e-08;3.5188;1.7594;
9.39e-08;3.28893;1.64446;
9.4e-08;3.04609;1.52305;
9.41e-08;2.79125;1.39563;
9.42e-08;2.5254;1.2627;
9.43e-08;2.2496;1.1248;
9.44e-08;1.96492;0.982462;
9.45e-08;1.6725;0.836251;
9.46e-08;1.37349;0.686744;
9.47e-08;1.06906;0.534529;
9.48e-08;0.760413;0.380207;
9.49e-08;0.448771;0.224385;
9.5e-08;0.135359;0.0676795;
9.51e-08;-0.178586;-0.0892932;
9.52e-08;-0.491828;-0.245914;
9.53e-08;-0.80313;-0.401565;
9.54e-08;-1.11127;-0.555633;
9.55e-08;-1.41502;-0.70751;
9.56e-08;-1.7132;-0.856598;
9.57e-08;-2.00462;-1.00231;
9.58e-08;-2.28814;-1.14407;
9.59e-08;-2.56263;-1.28132;
9.6e-08;-2.82703;-1.41351;
9.61e-08;-3.08028;-1.54014;
9.62e-08;-3.32138;-1.66069;
9.63e-08;-3.54939;-1.77469;
9.64e-08;-3.76341;-1.8817;
9.65e-08;-3.96258;-1.98129;
9.66e-08;-4.14614;-2.07307;
9.67e-08;-4.31335;-2.15667;
9.68e-08;-4.46355;-2.23178;
9.69e-08;-4.59616;-2.29808;
9.7e-08;-4.71064;-2.35532;
9.71e-08;-4.80656;-2.40328;
9.72e-08;-4.88352;-2.44176;
9.73e-08;-4.94123;-2.47062;
9.74e-08;-4.97946;-2.48973;
9.75e-08;-4.99806;-2.49903;
9.76e-08;-4.99695;-2.49848;
9.77e-08;-4.97614;-2.48807;
9.78e-08;-4.93571;-2.46786;
9.79e-08;-4.87583;-2.43791;
9.8e-08;-4.79672;-2.39836;
9.81e-08;-4.6987;-2.34935;
9.82e-08;-4.58215;-2.29108;
9.83e-08;-4.44754;-2.22377;
9.84e-08;-4.2954;-2.1477;
9.85e-08;-4.12632;-2.06316;
9.86e-08;-3.94097;-1.97048;
9.87e-08;-3.74008;-1.87004;
9.88e-08;-3.52445;-1.76222;
9.89e-08;-3.29492;-1.64746;
9.9e-08;-3.05241;-1.5262;
9.91e-08;-2.79785;-1.39893;
9.92e-08;-2.53227;-1.26614;
9.93e-08;-2.25671;-1.12835;
9.94e-08;-1.97224;-0.986122;
9.95e-08;-1.68;-0.840002;
9.96e-08;-1.38114;-0.690571;
9.97e-08;-1.07684;-0.538418;
9.98e-08;-0.768283;-0.384142;
9.99e-08;-0.456701;-0.228351;
1e-07;-0.143319;-0.0716596;
